{
  "BasementStairs": {
    "X": -11.920002,
    "Y": 3.84,
    "Z": 8.46,
    "Width": 1.4399999,
    "Height": 7.68,
    "Depth": 3.84
  },
  "Basement": {
    "X": -12.799999,
    "Y": 1.92,
    "Z": 2.2200003,
    "Width": 9.599999,
    "Height": 3.84,
    "Depth": 16.32
  },
  "UpstairsHall": {
    "X": -12.799999,
    "Y": 5.7599998,
    "Z": 15.38,
    "Width": 10,
    "Height": 3.84,
    "Depth": 10
  }
}